id;title;description;start;end
1;withdrawal Moldovan Leu Intelligent;Analyst Technician;2020-02-02T00:58:25;2020-02-02T12:37:47
2;Washington;Savings Account Grocery;2020-02-01T16:33:27;2020-02-02T15:48:50
3;Baby morph;South Dakota;2020-02-02T09:36:16;2020-02-01T21:18:18
4;Architect;Stream circuit PNG;2020-02-01T21:11:24;2020-02-01T18:04:16
5;Wisconsin Pakistan Rupee proactive;Lead zero administration Pizza;2020-02-02T12:50:45;2020-02-01T20:09:19
6;Clothing optical web-enabled;Bacon backing up Ramp;2020-02-01T20:21:18;2020-02-01T23:08:42
7;Gorgeous Soft Car;Avon interface Orchestrator;2020-02-02T14:26:17;2020-02-02T07:16:17
8;Re-contextualized;Switchable TCP;2020-02-01T16:48:06;2020-02-01T19:11:16
9;Western Sahara Plastic;Engineer input;2020-02-02T07:18:48;2020-02-01T17:47:32
10;Dynamic Chips;methodical Legacy applications;2020-02-02T01:06:25;2020-02-02T07:16:18
